Level,Start Time,End Time,Age,Lives,Choice,Status
01,0,95.43999,18,3, LA,
02,95.43999,117.32,,3, Non LA,
03,117.32,127.66,,3,,
03,127.66,130.56,,2,,
03,130.56,143.16,,1, LA,
